term,df,sumsq,meansq,statistic,p.value,sample,significance
time,7,51164.02812500003,7309.146875000005,36.0170417202979,2.5112666324528227e-15,fxi_activity,****
Residuals,40,8117.431666666655,202.93579166666638,NA,NA,fxi_activity,NA
time,7,1.119381250000001,0.1599116071428573,2.1423547509132788,0.060898144561583836,aptt,ns
Residuals,40,2.985716666666667,0.07464291666666667,NA,NA,aptt,NA
time,7,35053.638125000056,5007.662589285722,23.267316317559988,3.109164598696478e-12,mrna,****
Residuals,40,8608.921666666658,215.22304166666646,NA,NA,mrna,NA
