comparison,mean rank diff,pval,significance
RBD4059-3 mg/kg-RBD4059-1 mg/kg,-6,0.07918352647338082,ns
RBD4059-9 mg/kg-RBD4059-1 mg/kg,-10.933333333333334,0.0010483474983977179,**
RBD4059-9 mg/kg-RBD4059-3 mg/kg,-4.933333333333334,0.10666359984914515,ns
