dosage,term,df,sumsq,meansq,statistic,p.value,significance
RBD4059-1 mg/kg,time_days,8,0.18043933419202984,0.02255491677400373,1.5670238915097614,0.16185065204893004,ns
RBD4059-1 mg/kg,Residuals,45,0.6477063051363473,0.014393473447474384,NA,NA,NA
RBD4059-3 mg/kg,time_days,8,0.5169325605618644,0.06461657007023305,9.936465350328527,7.806775166536159e-8,****
RBD4059-3 mg/kg,Residuals,45,0.2926338039375691,0.006502973420834869,NA,NA,NA
RBD4059-9 mg/kg,time_days,9,1.0684453736780797,0.11871615263089774,9.295319878829682,9.894777227198886e-8,****
RBD4059-9 mg/kg,Residuals,44,0.5619506142716157,0.012771604869809449,NA,NA,NA
