term,df,sumsq,meansq,statistic,p.value,significance
sample,4,55.78022872480012,13.94505718120003,102.44874564008911,1.9928801371793845e-74,****
time,24,74.84601705279981,3.1185840438666586,22.910986976665946,1.5216431557449045e-80,****
sample:time,96,13.8121365151999,0.14387642203333229,1.0570024040038062,0.3396176581700821,ns
Residuals,1125,153.1320782,0.13611740284444443,NA,NA,NA
